"Function/module","v9.0.4 state","v10.0.0 state","Action"
"sniper_handle_signal() schema validation","Basic normalization","Hardened alias and enrichment support","PRESERVE"
"sniper_receive_engine_batch() expiry lifecycle","Absent","Present via timestamp parsing and validity handling","PRESERVE"
"sniper_serve_dashboard() module bootstrap","Loads core + data + planner + dashboard","Loads dashboard only","MERGE"
"sniper-dashboard.js::_buildRiskSection","Missing","Present (assets/js/sniper-dashboard.js:1995)","PRESERVE"
"sniper-dashboard.js::_testDaysRemaining","Present (assets/js/sniper-dashboard.js:561)","Present (assets/js/sniper-dashboard.js:3295)","MERGE"
"sniper-dashboard.js::apiGet","Missing","Present (assets/js/sniper-dashboard.js:43)","PRESERVE"
"sniper-dashboard.js::apiHeaders","Missing","Present (assets/js/sniper-dashboard.js:32)","PRESERVE"
"sniper-dashboard.js::apiPost","Missing","Present (assets/js/sniper-dashboard.js:55)","PRESERVE"
"sniper-dashboard.js::applyUserAccount","Missing","Present (assets/js/sniper-dashboard.js:731)","PRESERVE"
"sniper-dashboard.js::applyUserSettings","Missing","Present (assets/js/sniper-dashboard.js:717)","PRESERVE"
"sniper-dashboard.js::applyUserTrades","Missing","Present (assets/js/sniper-dashboard.js:724)","PRESERVE"
"sniper-dashboard.js::assignTPs","Missing","Present (assets/js/sniper-dashboard.js:1895)","PRESERVE"
"sniper-dashboard.js::atbl","Present (assets/js/sniper-dashboard.js:476)","Present (assets/js/sniper-dashboard.js:3218)","MERGE"
"sniper-dashboard.js::beginRefreshAction","Missing","Present (assets/js/sniper-dashboard.js:598)","PRESERVE"
"sniper-dashboard.js::bindWorkspaceShellResize","Present (assets/js/sniper-dashboard.js:622)","Missing","BACKPORT"
"sniper-dashboard.js::bootSniperDashboard","Present (assets/js/sniper-dashboard.js:931)","Missing","BACKPORT"
"sniper-dashboard.js::bosThresh","Missing","Present (assets/js/sniper-dashboard.js:177)","PRESERVE"
"sniper-dashboard.js::buildAcctProfile","Present (assets/js/sniper-dashboard.js:771)","Present (assets/js/sniper-dashboard.js:3422)","MERGE"
"sniper-dashboard.js::buildExecutionSignalIdentity","Missing","Present (assets/js/sniper-dashboard.js:1436)","PRESERVE"
"sniper-dashboard.js::buildExportTPManagement","Missing","Present (assets/js/sniper-dashboard.js:2575)","PRESERVE"
"sniper-dashboard.js::buildFibRatios","Missing","Present (assets/js/sniper-dashboard.js:154)","PRESERVE"
"sniper-dashboard.js::buildHistoryHeaderMap","Present (assets/js/sniper-dashboard.js:17)","Present (assets/js/sniper-dashboard.js:2745)","MERGE"
"sniper-dashboard.js::buildPriceInputs","Missing","Present (assets/js/sniper-dashboard.js:1766)","PRESERVE"
"sniper-dashboard.js::buildRiskBreakdown","Present (assets/js/sniper-dashboard.js:793)","Present (assets/js/sniper-dashboard.js:3444)","MERGE"
"sniper-dashboard.js::buildSig","Present (assets/js/sniper-dashboard.js:222)","Present (assets/js/sniper-dashboard.js:2950)","MERGE"
"sniper-dashboard.js::buildSignalForPair","Missing","Present (assets/js/sniper-dashboard.js:1231)","PRESERVE"
"sniper-dashboard.js::buildTPManagement","Missing","Present (assets/js/sniper-dashboard.js:1906)","PRESERVE"
"sniper-dashboard.js::buildUserPayload","Missing","Present (assets/js/sniper-dashboard.js:685)","PRESERVE"
"sniper-dashboard.js::calcLotSize","Present (assets/js/sniper-dashboard.js:786)","Present (assets/js/sniper-dashboard.js:3437)","MERGE"
"sniper-dashboard.js::calculateMA","Missing","Present (assets/js/sniper-dashboard.js:1146)","PRESERVE"
"sniper-dashboard.js::chg","Present (assets/js/sniper-dashboard.js:339)","Present (assets/js/sniper-dashboard.js:3071)","MERGE"
"sniper-dashboard.js::chgBaseline","Present (assets/js/sniper-dashboard.js:348)","Present (assets/js/sniper-dashboard.js:3080)","MERGE"
"sniper-dashboard.js::classifyExactClose","Present (assets/js/sniper-dashboard.js:72)","Present (assets/js/sniper-dashboard.js:2800)","MERGE"
"sniper-dashboard.js::classifyOC","Present (assets/js/sniper-dashboard.js:238)","Present (assets/js/sniper-dashboard.js:2966)","MERGE"
"sniper-dashboard.js::cleanDisplayText","Missing","Present (assets/js/sniper-dashboard.js:1516)","PRESERVE"
"sniper-dashboard.js::clearTradeQueue","Missing","Present (assets/js/sniper-dashboard.js:1734)","PRESERVE"
"sniper-dashboard.js::closeExportMenu","Present (assets/js/sniper-dashboard.js:539)","Missing","BACKPORT"
"sniper-dashboard.js::closeSidebar","Present (assets/js/sniper-dashboard.js:653)","Missing","BACKPORT"
"sniper-dashboard.js::computeEDEDistance","Missing","Present (assets/js/sniper-dashboard.js:212)","PRESERVE"
"sniper-dashboard.js::computeEDEStars","Missing","Present (assets/js/sniper-dashboard.js:208)","PRESERVE"
"sniper-dashboard.js::computeLiveSignalRank","Missing","Present (assets/js/sniper-dashboard.js:501)","PRESERVE"
"sniper-dashboard.js::computeSequenceFromDataModule","Missing","Present (assets/js/sniper-dashboard.js:1197)","PRESERVE"
"sniper-dashboard.js::dayBadge","Present (assets/js/sniper-dashboard.js:754)","Present (assets/js/sniper-dashboard.js:3405)","MERGE"
"sniper-dashboard.js::edeTier","Missing","Present (assets/js/sniper-dashboard.js:170)","PRESERVE"
"sniper-dashboard.js::efLevel","Missing","Present (assets/js/sniper-dashboard.js:187)","PRESERVE"
"sniper-dashboard.js::estimateFallbackSequenceBar","Missing","Present (assets/js/sniper-dashboard.js:1169)","PRESERVE"
"sniper-dashboard.js::exportCSV","Present (assets/js/sniper-dashboard.js:544)","Present (assets/js/sniper-dashboard.js:3278)","MERGE"
"sniper-dashboard.js::exportPlanHTML","Missing","Present (assets/js/sniper-dashboard.js:2630)","PRESERVE"
"sniper-dashboard.js::exportReport","Present (assets/js/sniper-dashboard.js:543)","Present (assets/js/sniper-dashboard.js:3268)","MERGE"
"sniper-dashboard.js::exportReportHtml","Present (assets/js/sniper-dashboard.js:507)","Present (assets/js/sniper-dashboard.js:3249)","MERGE"
"sniper-dashboard.js::fetchLiveSignals","Missing","Present (assets/js/sniper-dashboard.js:621)","PRESERVE"
"sniper-dashboard.js::fetchPendingLimits","Missing","Present (assets/js/sniper-dashboard.js:1973)","PRESERVE"
"sniper-dashboard.js::fetchPrices","Missing","Present (assets/js/sniper-dashboard.js:1045)","PRESERVE"
"sniper-dashboard.js::fetchRegimes","Missing","Present (assets/js/sniper-dashboard.js:861)","PRESERVE"
"sniper-dashboard.js::finishRefreshAction","Missing","Present (assets/js/sniper-dashboard.js:608)","PRESERVE"
"sniper-dashboard.js::fmt","Missing","Present (assets/js/sniper-dashboard.js:2584)","PRESERVE"
"sniper-dashboard.js::forceChartResize","Present (assets/js/sniper-dashboard.js:630)","Missing","BACKPORT"
"sniper-dashboard.js::formatFreshnessAgo","Missing","Present (assets/js/sniper-dashboard.js:1368)","PRESERVE"
"sniper-dashboard.js::formatSastDateTime","Missing","Present (assets/js/sniper-dashboard.js:953)","PRESERVE"
"sniper-dashboard.js::formatSastSidebarStamp","Missing","Present (assets/js/sniper-dashboard.js:957)","PRESERVE"
"sniper-dashboard.js::formatSastTime","Missing","Present (assets/js/sniper-dashboard.js:949)","PRESERVE"
"sniper-dashboard.js::generatePlan","Missing","Present (assets/js/sniper-dashboard.js:2041)","PRESERVE"
"sniper-dashboard.js::getActiveKillZone","Missing","Present (assets/js/sniper-dashboard.js:1213)","PRESERVE"
"sniper-dashboard.js::getActivePhpBlueprints","Missing","Present (assets/js/sniper-dashboard.js:2027)","PRESERVE"
"sniper-dashboard.js::getAllLevels","Missing","Present (assets/js/sniper-dashboard.js:344)","PRESERVE"
"sniper-dashboard.js::getAnchorSet","Missing","Present (assets/js/sniper-dashboard.js:281)","PRESERVE"
"sniper-dashboard.js::getBestLiveSignalForPair","Missing","Present (assets/js/sniper-dashboard.js:419)","PRESERVE"
"sniper-dashboard.js::getChopBand","Missing","Present (assets/js/sniper-dashboard.js:319)","PRESERVE"
"sniper-dashboard.js::getCollectionStartDate","Present (assets/js/sniper-dashboard.js:735)","Present (assets/js/sniper-dashboard.js:3386)","MERGE"
"sniper-dashboard.js::getDashboardDataBridge","Missing","Present (assets/js/sniper-dashboard.js:1163)","PRESERVE"
"sniper-dashboard.js::getEFLevels","Missing","Present (assets/js/sniper-dashboard.js:188)","PRESERVE"
"sniper-dashboard.js::getEFStars","Missing","Present (assets/js/sniper-dashboard.js:230)","PRESERVE"
"sniper-dashboard.js::getElapsedDays","Present (assets/js/sniper-dashboard.js:750)","Present (assets/js/sniper-dashboard.js:3401)","MERGE"
"sniper-dashboard.js::getFibTimeframeProfile","Present (assets/js/sniper-dashboard.js:954)","Missing","BACKPORT"
"sniper-dashboard.js::getKillZoneMeta","Missing","Present (assets/js/sniper-dashboard.js:991)","PRESERVE"
"sniper-dashboard.js::getLocalPriceAuthorityTs","Missing","Present (assets/js/sniper-dashboard.js:454)","PRESERVE"
"sniper-dashboard.js::getNextLevelSL","Missing","Present (assets/js/sniper-dashboard.js:1976)","PRESERVE"
"sniper-dashboard.js::getNyNow","Missing","Present (assets/js/sniper-dashboard.js:938)","PRESERVE"
"sniper-dashboard.js::getOutcomeBadge","Missing","Present (assets/js/sniper-dashboard.js:1858)","PRESERVE"
"sniper-dashboard.js::getPriceEngineMeta","Missing","Present (assets/js/sniper-dashboard.js:990)","PRESERVE"
"sniper-dashboard.js::getSastNow","Missing","Present (assets/js/sniper-dashboard.js:941)","PRESERVE"
"sniper-dashboard.js::getSFLStars","Missing","Present (assets/js/sniper-dashboard.js:225)","PRESERVE"
"sniper-dashboard.js::getStarsForLevel","Missing","Present (assets/js/sniper-dashboard.js:235)","PRESERVE"
"sniper-dashboard.js::getTPs","Missing","Present (assets/js/sniper-dashboard.js:1877)","PRESERVE"
"sniper-dashboard.js::handleDrop","Missing","Present (assets/js/sniper-dashboard.js:2728)","PRESERVE"
"sniper-dashboard.js::handleFile","Present (assets/js/sniper-dashboard.js:115)","Present (assets/js/sniper-dashboard.js:2843)","MERGE"
"sniper-dashboard.js::handleHistoryFile","Present (assets/js/sniper-dashboard.js:1)","Present (assets/js/sniper-dashboard.js:2729)","MERGE"
"sniper-dashboard.js::hydrateUserInputFields","Missing","Present (assets/js/sniper-dashboard.js:739)","PRESERVE"
"sniper-dashboard.js::ingestPriceEngineMetaFromLive","Missing","Present (assets/js/sniper-dashboard.js:981)","PRESERVE"
"sniper-dashboard.js::ingestPriceEngineMetaFromRegimes","Missing","Present (assets/js/sniper-dashboard.js:971)","PRESERVE"
"sniper-dashboard.js::init","Present (assets/js/sniper-dashboard.js:837)","Present (assets/js/sniper-dashboard.js:3586)","MERGE"
"sniper-dashboard.js::isMobileWorkspace","Present (assets/js/sniper-dashboard.js:621)","Missing","BACKPORT"
"sniper-dashboard.js::isPairJPY","Missing","Present (assets/js/sniper-dashboard.js:94)","PRESERVE"
"sniper-dashboard.js::isPhase4aPair","Missing","Present (assets/js/sniper-dashboard.js:93)","PRESERVE"
"sniper-dashboard.js::levelsFromAnchor","Missing","Present (assets/js/sniper-dashboard.js:305)","PRESERVE"
"sniper-dashboard.js::liveDistance","Missing","Present (assets/js/sniper-dashboard.js:358)","PRESERVE"
"sniper-dashboard.js::livePoiZone","Missing","Present (assets/js/sniper-dashboard.js:432)","PRESERVE"
"sniper-dashboard.js::loadTradeQueue","Missing","Present (assets/js/sniper-dashboard.js:1747)","PRESERVE"
"sniper-dashboard.js::loadUserCloudState","Missing","Present (assets/js/sniper-dashboard.js:745)","PRESERVE"
"sniper-dashboard.js::lsDel","Missing","Present (assets/js/sniper-dashboard.js:3500)","PRESERVE"
"sniper-dashboard.js::lsGet","Missing","Present (assets/js/sniper-dashboard.js:3498)","PRESERVE"
"sniper-dashboard.js::lsSet","Missing","Present (assets/js/sniper-dashboard.js:3499)","PRESERVE"
"sniper-dashboard.js::lvl","Missing","Present (assets/js/sniper-dashboard.js:309)","PRESERVE"
"sniper-dashboard.js::markNoFill","Missing","Present (assets/js/sniper-dashboard.js:1866)","PRESERVE"
"sniper-dashboard.js::mergePhase4aFromLiveSignal","Missing","Present (assets/js/sniper-dashboard.js:470)","PRESERVE"
"sniper-dashboard.js::minutesSince","Missing","Present (assets/js/sniper-dashboard.js:363)","PRESERVE"
"sniper-dashboard.js::mk","Present (assets/js/sniper-dashboard.js:246)","Missing","BACKPORT"
"sniper-dashboard.js::nextKZ","Missing","Present (assets/js/sniper-dashboard.js:2567)","PRESERVE"
"sniper-dashboard.js::normalizeFibTimeframe","Present (assets/js/sniper-dashboard.js:946)","Missing","BACKPORT"
"sniper-dashboard.js::normalizeHeaderCell","Present (assets/js/sniper-dashboard.js:16)","Present (assets/js/sniper-dashboard.js:2744)","MERGE"
"sniper-dashboard.js::normalizeLiveSignal","Missing","Present (assets/js/sniper-dashboard.js:369)","PRESERVE"
"sniper-dashboard.js::normalizeSequenceStatus","Missing","Present (assets/js/sniper-dashboard.js:96)","PRESERVE"
"sniper-dashboard.js::normalizeSignalState","Missing","Present (assets/js/sniper-dashboard.js:104)","PRESERVE"
"sniper-dashboard.js::np","Present (assets/js/sniper-dashboard.js:130)","Present (assets/js/sniper-dashboard.js:2858)","MERGE"
"sniper-dashboard.js::onPriceChange","Missing","Present (assets/js/sniper-dashboard.js:1789)","PRESERVE"
"sniper-dashboard.js::onRegimeChange","Missing","Present (assets/js/sniper-dashboard.js:1795)","PRESERVE"
"sniper-dashboard.js::onTimeframeChange","Missing","Present (assets/js/sniper-dashboard.js:274)","PRESERVE"
"sniper-dashboard.js::openLiveChart","Present (assets/js/sniper-dashboard.js:698)","Present (assets/js/sniper-dashboard.js:3350)","MERGE"
"sniper-dashboard.js::outsideClick","Present (assets/js/sniper-dashboard.js:533)","Missing","BACKPORT"
"sniper-dashboard.js::parseHistoryWorkbook","Present (assets/js/sniper-dashboard.js:38)","Present (assets/js/sniper-dashboard.js:2766)","MERGE"
"sniper-dashboard.js::parseRep","Present (assets/js/sniper-dashboard.js:127)","Present (assets/js/sniper-dashboard.js:2855)","MERGE"
"sniper-dashboard.js::parseSyncDate","Missing","Present (assets/js/sniper-dashboard.js:944)","PRESERVE"
"sniper-dashboard.js::persistAccountLocal","Missing","Present (assets/js/sniper-dashboard.js:674)","PRESERVE"
"sniper-dashboard.js::persistSettingsLocal","Missing","Present (assets/js/sniper-dashboard.js:680)","PRESERVE"
"sniper-dashboard.js::persistTradesLocal","Missing","Present (assets/js/sniper-dashboard.js:668)","PRESERVE"
"sniper-dashboard.js::pipMult","Missing","Present (assets/js/sniper-dashboard.js:176)","PRESERVE"
"sniper-dashboard.js::pips","Missing","Present (assets/js/sniper-dashboard.js:1914)","PRESERVE"
"sniper-dashboard.js::plannerZoneScore","Missing","Present (assets/js/sniper-dashboard.js:446)","PRESERVE"
"sniper-dashboard.js::plBoth","Missing","Present (assets/js/sniper-dashboard.js:80)","PRESERVE"
"sniper-dashboard.js::plBothText","Missing","Present (assets/js/sniper-dashboard.js:81)","PRESERVE"
"sniper-dashboard.js::plUSC","Missing","Present (assets/js/sniper-dashboard.js:78)","PRESERVE"
"sniper-dashboard.js::plZAR","Missing","Present (assets/js/sniper-dashboard.js:79)","PRESERVE"
"sniper-dashboard.js::priceToPips","Present (assets/js/sniper-dashboard.js:781)","Present (assets/js/sniper-dashboard.js:3432)","MERGE"
"sniper-dashboard.js::primaryLivePrice","Missing","Present (assets/js/sniper-dashboard.js:352)","PRESERVE"
"sniper-dashboard.js::processHistoryTrades","Present (assets/js/sniper-dashboard.js:91)","Present (assets/js/sniper-dashboard.js:2819)","MERGE"
"sniper-dashboard.js::processSnap","Present (assets/js/sniper-dashboard.js:159)","Present (assets/js/sniper-dashboard.js:2887)","MERGE"
"sniper-dashboard.js::provenanceTag","Missing","Present (assets/js/sniper-dashboard.js:1379)","PRESERVE"
"sniper-dashboard.js::queueUserSync","Missing","Present (assets/js/sniper-dashboard.js:703)","PRESERVE"
"sniper-dashboard.js::rebuildLiveSignalMap","Missing","Present (assets/js/sniper-dashboard.js:497)","PRESERVE"
"sniper-dashboard.js::refreshWpSession","Missing","Present (assets/js/sniper-dashboard.js:767)","PRESERVE"
"sniper-dashboard.js::regimeGateLabel","Missing","Present (assets/js/sniper-dashboard.js:95)","PRESERVE"
"sniper-dashboard.js::registerPair","Missing","Present (assets/js/sniper-dashboard.js:138)","PRESERVE"
"sniper-dashboard.js::renderAcct","Present (assets/js/sniper-dashboard.js:323)","Present (assets/js/sniper-dashboard.js:3055)","MERGE"
"sniper-dashboard.js::renderAnalytics","Present (assets/js/sniper-dashboard.js:436)","Present (assets/js/sniper-dashboard.js:3179)","MERGE"
"sniper-dashboard.js::renderBook","Present (assets/js/sniper-dashboard.js:483)","Present (assets/js/sniper-dashboard.js:3225)","MERGE"
"sniper-dashboard.js::renderComputedSignalCards","Missing","Present (assets/js/sniper-dashboard.js:1383)","PRESERVE"
"sniper-dashboard.js::renderHeader","Present (assets/js/sniper-dashboard.js:283)","Present (assets/js/sniper-dashboard.js:3010)","MERGE"
"sniper-dashboard.js::renderLiveSignals","Missing","Present (assets/js/sniper-dashboard.js:533)","PRESERVE"
"sniper-dashboard.js::renderOrders","Present (assets/js/sniper-dashboard.js:491)","Present (assets/js/sniper-dashboard.js:3233)","MERGE"
"sniper-dashboard.js::renderPlan","Missing","Present (assets/js/sniper-dashboard.js:2034)","PRESERVE"
"sniper-dashboard.js::renderProgress","Present (assets/js/sniper-dashboard.js:499)","Present (assets/js/sniper-dashboard.js:3241)","MERGE"
"sniper-dashboard.js::renderSeqCards","Missing","Present (assets/js/sniper-dashboard.js:1857)","PRESERVE"
"sniper-dashboard.js::renderServerBlueprintPlan","Missing","Present (assets/js/sniper-dashboard.js:1541)","PRESERVE"
"sniper-dashboard.js::renderSessionBrief","Missing","Present (assets/js/sniper-dashboard.js:1806)","PRESERVE"
"sniper-dashboard.js::renderSigs","Present (assets/js/sniper-dashboard.js:388)","Present (assets/js/sniper-dashboard.js:3120)","MERGE"
"sniper-dashboard.js::renderTradeQueue","Missing","Present (assets/js/sniper-dashboard.js:1651)","PRESERVE"
"sniper-dashboard.js::resetAll","Present (assets/js/sniper-dashboard.js:580)","Present (assets/js/sniper-dashboard.js:3314)","MERGE"
"sniper-dashboard.js::rr","Missing","Present (assets/js/sniper-dashboard.js:2585)","PRESERVE"
"sniper-dashboard.js::saveApiKey","Missing","Present (assets/js/sniper-dashboard.js:935)","PRESERVE"
"sniper-dashboard.js::saveZarRate","Missing","Present (assets/js/sniper-dashboard.js:1759)","PRESERVE"
"sniper-dashboard.js::selectPairForPlan","Missing","Present (assets/js/sniper-dashboard.js:1421)","PRESERVE"
"sniper-dashboard.js::seqBadge","Missing","Present (assets/js/sniper-dashboard.js:135)","PRESERVE"
"sniper-dashboard.js::seqPill","Missing","Present (assets/js/sniper-dashboard.js:114)","PRESERVE"
"sniper-dashboard.js::setPriceEngineMeta","Missing","Present (assets/js/sniper-dashboard.js:961)","PRESERVE"
"sniper-dashboard.js::setSyncStatus","Missing","Present (assets/js/sniper-dashboard.js:656)","PRESERVE"
"sniper-dashboard.js::sf","Present (assets/js/sniper-dashboard.js:435)","Present (assets/js/sniper-dashboard.js:3178)","MERGE"
"sniper-dashboard.js::sfKey","Missing","Present (assets/js/sniper-dashboard.js:169)","PRESERVE"
"sniper-dashboard.js::shouldAcceptBackendPrice","Missing","Present (assets/js/sniper-dashboard.js:462)","PRESERVE"
"sniper-dashboard.js::showChart","Present (assets/js/sniper-dashboard.js:703)","Present (assets/js/sniper-dashboard.js:3355)","MERGE"
"sniper-dashboard.js::showDelta","Present (assets/js/sniper-dashboard.js:247)","Present (assets/js/sniper-dashboard.js:2974)","MERGE"
"sniper-dashboard.js::smcLogin","Missing","Present (assets/js/sniper-dashboard.js:796)","PRESERVE"
"sniper-dashboard.js::smcLogout","Missing","Present (assets/js/sniper-dashboard.js:792)","PRESERVE"
"sniper-dashboard.js::stalePill","Missing","Present (assets/js/sniper-dashboard.js:128)","PRESERVE"
"sniper-dashboard.js::startAutoRefresh","Missing","Present (assets/js/sniper-dashboard.js:1132)","PRESERVE"
"sniper-dashboard.js::statePill","Missing","Present (assets/js/sniper-dashboard.js:122)","PRESERVE"
"sniper-dashboard.js::syncSectionScopes","Present (assets/js/sniper-dashboard.js:631)","Missing","BACKPORT"
"sniper-dashboard.js::syncToolbar","Present (assets/js/sniper-dashboard.js:639)","Missing","BACKPORT"
"sniper-dashboard.js::tick","Present (assets/js/sniper-dashboard.js:757)","Present (assets/js/sniper-dashboard.js:3408)","MERGE"
"sniper-dashboard.js::toggleExportMenu","Present (assets/js/sniper-dashboard.js:526)","Missing","BACKPORT"
"sniper-dashboard.js::toggleSidebar","Present (assets/js/sniper-dashboard.js:660)","Missing","BACKPORT"
"sniper-dashboard.js::toPairDisplay","Missing","Present (assets/js/sniper-dashboard.js:82)","PRESERVE"
"sniper-dashboard.js::toPhase4aPair","Missing","Present (assets/js/sniper-dashboard.js:89)","PRESERVE"
"sniper-dashboard.js::tpStr","Missing","Present (assets/js/sniper-dashboard.js:1910)","PRESERVE"
"sniper-dashboard.js::updateEF","Missing","Present (assets/js/sniper-dashboard.js:201)","PRESERVE"
"sniper-dashboard.js::updatePriceDisplays","Missing","Present (assets/js/sniper-dashboard.js:997)","PRESERVE"
"sniper-dashboard.js::updateResetBtn","Present (assets/js/sniper-dashboard.js:565)","Present (assets/js/sniper-dashboard.js:3299)","MERGE"
"sniper-dashboard.js::updateSignalEngineUI","Missing","Present (assets/js/sniper-dashboard.js:1337)","PRESERVE"
"sniper-dashboard.js::updateTradeQueueBadge","Missing","Present (assets/js/sniper-dashboard.js:1507)","PRESERVE"
"sniper-dashboard.js::usc","Missing","Present (assets/js/sniper-dashboard.js:2592)","PRESERVE"
"sniper-dashboard.js::userFetch","Missing","Present (assets/js/sniper-dashboard.js:690)","PRESERVE"
"sniper-dashboard.js::xtab","Present (assets/js/sniper-dashboard.js:674)","Present (assets/js/sniper-dashboard.js:3349)","MERGE"
"sniper-dashboard.js::xtoast","Present (assets/js/sniper-dashboard.js:734)","Present (assets/js/sniper-dashboard.js:3385)","MERGE"
"sniper-dashboard-core.js::absorbPairsFromCollection","Present (assets/js/sniper-dashboard-core.js:352)","Missing","BACKPORT"
"sniper-dashboard-core.js::add","Present (assets/js/sniper-dashboard-core.js:363)","Missing","BACKPORT"
"sniper-dashboard-core.js::addCustomInstrument","Present (assets/js/sniper-dashboard-core.js:330)","Missing","BACKPORT"
"sniper-dashboard-core.js::addUniverseInstrument","Present (assets/js/sniper-dashboard-core.js:395)","Missing","BACKPORT"
"sniper-dashboard-core.js::apiGet","Present (assets/js/sniper-dashboard-core.js:114)","Missing","BACKPORT"
"sniper-dashboard-core.js::apiHeaders","Present (assets/js/sniper-dashboard-core.js:103)","Missing","BACKPORT"
"sniper-dashboard-core.js::apiPost","Present (assets/js/sniper-dashboard-core.js:130)","Missing","BACKPORT"
"sniper-dashboard-core.js::applySessionBootstrap","Present (assets/js/sniper-dashboard-core.js:80)","Missing","BACKPORT"
"sniper-dashboard-core.js::applyUserAccount","Present (assets/js/sniper-dashboard-core.js:1162)","Missing","BACKPORT"
"sniper-dashboard-core.js::applyUserSettings","Present (assets/js/sniper-dashboard-core.js:1148)","Missing","BACKPORT"
"sniper-dashboard-core.js::applyUserTrades","Present (assets/js/sniper-dashboard-core.js:1155)","Missing","BACKPORT"
"sniper-dashboard-core.js::beginRefreshAction","Present (assets/js/sniper-dashboard-core.js:1025)","Missing","BACKPORT"
"sniper-dashboard-core.js::buildUserPayload","Present (assets/js/sniper-dashboard-core.js:1115)","Missing","BACKPORT"
"sniper-dashboard-core.js::clampLiveQuality","Present (assets/js/sniper-dashboard-core.js:747)","Missing","BACKPORT"
"sniper-dashboard-core.js::classifyExecutionDistance","Present (assets/js/sniper-dashboard-core.js:682)","Missing","BACKPORT"
"sniper-dashboard-core.js::computeEDEDistance","Present (assets/js/sniper-dashboard-core.js:482)","Missing","BACKPORT"
"sniper-dashboard-core.js::computeEDEStars","Present (assets/js/sniper-dashboard-core.js:470)","Missing","BACKPORT"
"sniper-dashboard-core.js::computeLiveSignalRank","Present (assets/js/sniper-dashboard-core.js:939)","Missing","BACKPORT"
"sniper-dashboard-core.js::deriveLiveRrEstimate","Present (assets/js/sniper-dashboard-core.js:767)","Missing","BACKPORT"
"sniper-dashboard-core.js::deriveLiveSetupClass","Present (assets/js/sniper-dashboard-core.js:753)","Missing","BACKPORT"
"sniper-dashboard-core.js::efLevel","Present (assets/js/sniper-dashboard-core.js:441)","Missing","BACKPORT"
"sniper-dashboard-core.js::ensureTrailingSlash","Present (assets/js/sniper-dashboard-core.js:46)","Missing","BACKPORT"
"sniper-dashboard-core.js::fetchLiveSignals","Present (assets/js/sniper-dashboard-core.js:1048)","Missing","BACKPORT"
"sniper-dashboard-core.js::fetchRegimes","Present (assets/js/sniper-dashboard-core.js:1313)","Missing","BACKPORT"
"sniper-dashboard-core.js::finishRefreshAction","Present (assets/js/sniper-dashboard-core.js:1035)","Missing","BACKPORT"
"sniper-dashboard-core.js::formatLiveUpdatedStamp","Present (assets/js/sniper-dashboard-core.js:781)","Missing","BACKPORT"
"sniper-dashboard-core.js::formatSastDateTime","Present (assets/js/sniper-dashboard-core.js:1475)","Missing","BACKPORT"
"sniper-dashboard-core.js::formatSastSidebarStamp","Present (assets/js/sniper-dashboard-core.js:1479)","Missing","BACKPORT"
"sniper-dashboard-core.js::formatSastTime","Present (assets/js/sniper-dashboard-core.js:1471)","Missing","BACKPORT"
"sniper-dashboard-core.js::getAllLevels","Present (assets/js/sniper-dashboard-core.js:697)","Missing","BACKPORT"
"sniper-dashboard-core.js::getAnchorSet","Present (assets/js/sniper-dashboard-core.js:551)","Missing","BACKPORT"
"sniper-dashboard-core.js::getBestLiveSignalForPair","Present (assets/js/sniper-dashboard-core.js:840)","Missing","BACKPORT"
"sniper-dashboard-core.js::getChopBand","Present (assets/js/sniper-dashboard-core.js:597)","Missing","BACKPORT"
"sniper-dashboard-core.js::getChopMetrics","Present (assets/js/sniper-dashboard-core.js:627)","Missing","BACKPORT"
"sniper-dashboard-core.js::getDashboardPairs","Present (assets/js/sniper-dashboard-core.js:381)","Missing","BACKPORT"
"sniper-dashboard-core.js::getEFLevels","Present (assets/js/sniper-dashboard-core.js:442)","Missing","BACKPORT"
"sniper-dashboard-core.js::getEFStars","Present (assets/js/sniper-dashboard-core.js:500)","Missing","BACKPORT"
"sniper-dashboard-core.js::getExecutionDistanceCap","Present (assets/js/sniper-dashboard-core.js:676)","Missing","BACKPORT"
"sniper-dashboard-core.js::getInstrumentUniverse","Present (assets/js/sniper-dashboard-core.js:360)","Missing","BACKPORT"
"sniper-dashboard-core.js::getKillZoneMeta","Present (assets/js/sniper-dashboard-core.js:1515)","Missing","BACKPORT"
"sniper-dashboard-core.js::getLegacyPairs","Present (assets/js/sniper-dashboard-core.js:223)","Missing","BACKPORT"
"sniper-dashboard-core.js::getLocalPriceAuthorityTs","Present (assets/js/sniper-dashboard-core.js:879)","Missing","BACKPORT"
"sniper-dashboard-core.js::getNyNow","Present (assets/js/sniper-dashboard-core.js:1460)","Missing","BACKPORT"
"sniper-dashboard-core.js::getPairSignalSnapshot","Present (assets/js/sniper-dashboard-core.js:710)","Missing","BACKPORT"
"sniper-dashboard-core.js::getPipMultiplier","Present (assets/js/sniper-dashboard-core.js:421)","Missing","BACKPORT"
"sniper-dashboard-core.js::getPipValue","Present (assets/js/sniper-dashboard-core.js:424)","Missing","BACKPORT"
"sniper-dashboard-core.js::getPriceEngineMeta","Present (assets/js/sniper-dashboard-core.js:1512)","Missing","BACKPORT"
"sniper-dashboard-core.js::getSastNow","Present (assets/js/sniper-dashboard-core.js:1463)","Missing","BACKPORT"
"sniper-dashboard-core.js::getSessionFallbackUser","Present (assets/js/sniper-dashboard-core.js:74)","Missing","BACKPORT"
"sniper-dashboard-core.js::getSFLStars","Present (assets/js/sniper-dashboard-core.js:495)","Missing","BACKPORT"
"sniper-dashboard-core.js::getStarsForLevel","Present (assets/js/sniper-dashboard-core.js:505)","Missing","BACKPORT"
"sniper-dashboard-core.js::getTwelveDataCandidates","Present (assets/js/sniper-dashboard-core.js:289)","Missing","BACKPORT"
"sniper-dashboard-core.js::getTwelveDataSymbol","Present (assets/js/sniper-dashboard-core.js:309)","Missing","BACKPORT"
"sniper-dashboard-core.js::hydrateUserInputFields","Present (assets/js/sniper-dashboard-core.js:1178)","Missing","BACKPORT"
"sniper-dashboard-core.js::ingestPriceEngineMetaFromLive","Present (assets/js/sniper-dashboard-core.js:1503)","Missing","BACKPORT"
"sniper-dashboard-core.js::ingestPriceEngineMetaFromRegimes","Present (assets/js/sniper-dashboard-core.js:1493)","Missing","BACKPORT"
"sniper-dashboard-core.js::isPairJPY","Present (assets/js/sniper-dashboard-core.js:169)","Missing","BACKPORT"
"sniper-dashboard-core.js::isPhase4aPair","Present (assets/js/sniper-dashboard-core.js:168)","Missing","BACKPORT"
"sniper-dashboard-core.js::levelsFromAnchor","Present (assets/js/sniper-dashboard-core.js:582)","Missing","BACKPORT"
"sniper-dashboard-core.js::liveDistance","Present (assets/js/sniper-dashboard-core.js:726)","Missing","BACKPORT"
"sniper-dashboard-core.js::livePoiZone","Present (assets/js/sniper-dashboard-core.js:853)","Missing","BACKPORT"
"sniper-dashboard-core.js::loadUserCloudState","Present (assets/js/sniper-dashboard-core.js:1184)","Missing","BACKPORT"
"sniper-dashboard-core.js::lsDel","Present (assets/js/sniper-dashboard-core.js:7)","Missing","BACKPORT"
"sniper-dashboard-core.js::lsGet","Present (assets/js/sniper-dashboard-core.js:5)","Missing","BACKPORT"
"sniper-dashboard-core.js::lsSet","Present (assets/js/sniper-dashboard-core.js:6)","Missing","BACKPORT"
"sniper-dashboard-core.js::lvl","Present (assets/js/sniper-dashboard-core.js:586)","Missing","BACKPORT"
"sniper-dashboard-core.js::mergePhase4aFromLiveSignal","Present (assets/js/sniper-dashboard-core.js:905)","Missing","BACKPORT"
"sniper-dashboard-core.js::minutesSince","Present (assets/js/sniper-dashboard-core.js:731)","Missing","BACKPORT"
"sniper-dashboard-core.js::normalizeLiveSignal","Present (assets/js/sniper-dashboard-core.js:786)","Missing","BACKPORT"
"sniper-dashboard-core.js::normalizeSequenceStatus","Present (assets/js/sniper-dashboard-core.js:171)","Missing","BACKPORT"
"sniper-dashboard-core.js::normalizeSignalState","Present (assets/js/sniper-dashboard-core.js:179)","Missing","BACKPORT"
"sniper-dashboard-core.js::normalizeTwelveDataSymbol","Present (assets/js/sniper-dashboard-core.js:273)","Missing","BACKPORT"
"sniper-dashboard-core.js::onTimeframeChange","Present (assets/js/sniper-dashboard-core.js:544)","Missing","BACKPORT"
"sniper-dashboard-core.js::parseSyncDate","Present (assets/js/sniper-dashboard-core.js:1466)","Missing","BACKPORT"
"sniper-dashboard-core.js::persistAccountLocal","Present (assets/js/sniper-dashboard-core.js:1104)","Missing","BACKPORT"
"sniper-dashboard-core.js::persistSettingsLocal","Present (assets/js/sniper-dashboard-core.js:1110)","Missing","BACKPORT"
"sniper-dashboard-core.js::persistTradesLocal","Present (assets/js/sniper-dashboard-core.js:1098)","Missing","BACKPORT"
"sniper-dashboard-core.js::plannerZoneScore","Present (assets/js/sniper-dashboard-core.js:867)","Missing","BACKPORT"
"sniper-dashboard-core.js::plBoth","Present (assets/js/sniper-dashboard-core.js:155)","Missing","BACKPORT"
"sniper-dashboard-core.js::plBothText","Present (assets/js/sniper-dashboard-core.js:156)","Missing","BACKPORT"
"sniper-dashboard-core.js::plUSC","Present (assets/js/sniper-dashboard-core.js:153)","Missing","BACKPORT"
"sniper-dashboard-core.js::plZAR","Present (assets/js/sniper-dashboard-core.js:154)","Missing","BACKPORT"
"sniper-dashboard-core.js::priceDistancePips","Present (assets/js/sniper-dashboard-core.js:429)","Missing","BACKPORT"
"sniper-dashboard-core.js::primaryLivePrice","Present (assets/js/sniper-dashboard-core.js:720)","Missing","BACKPORT"
"sniper-dashboard-core.js::queueUserSync","Present (assets/js/sniper-dashboard-core.js:1133)","Missing","BACKPORT"
"sniper-dashboard-core.js::rebuildLiveSignalMap","Present (assets/js/sniper-dashboard-core.js:925)","Missing","BACKPORT"
"sniper-dashboard-core.js::refreshWpSession","Present (assets/js/sniper-dashboard-core.js:1206)","Missing","BACKPORT"
"sniper-dashboard-core.js::regimeGateLabel","Present (assets/js/sniper-dashboard-core.js:170)","Missing","BACKPORT"
"sniper-dashboard-core.js::registerPair","Present (assets/js/sniper-dashboard-core.js:312)","Missing","BACKPORT"
"sniper-dashboard-core.js::removeCustomInstrument","Present (assets/js/sniper-dashboard-core.js:343)","Missing","BACKPORT"
"sniper-dashboard-core.js::removeUniverseInstrument","Present (assets/js/sniper-dashboard-core.js:412)","Missing","BACKPORT"
"sniper-dashboard-core.js::renderLiveSignals","Present (assets/js/sniper-dashboard-core.js:967)","Missing","BACKPORT"
"sniper-dashboard-core.js::renderUniverseManager","Present (assets/js/sniper-dashboard-core.js:383)","Missing","BACKPORT"
"sniper-dashboard-core.js::resolveLoginUrl","Present (assets/js/sniper-dashboard-core.js:69)","Missing","BACKPORT"
"sniper-dashboard-core.js::resolveRestBase","Present (assets/js/sniper-dashboard-core.js:61)","Missing","BACKPORT"
"sniper-dashboard-core.js::resolveWpBase","Present (assets/js/sniper-dashboard-core.js:51)","Missing","BACKPORT"
"sniper-dashboard-core.js::saveApiKey","Present (assets/js/sniper-dashboard-core.js:1457)","Missing","BACKPORT"
"sniper-dashboard-core.js::seqBadge","Present (assets/js/sniper-dashboard-core.js:210)","Missing","BACKPORT"
"sniper-dashboard-core.js::seqPill","Present (assets/js/sniper-dashboard-core.js:189)","Missing","BACKPORT"
"sniper-dashboard-core.js::setPriceEngineMeta","Present (assets/js/sniper-dashboard-core.js:1483)","Missing","BACKPORT"
"sniper-dashboard-core.js::setSyncStatus","Present (assets/js/sniper-dashboard-core.js:1086)","Missing","BACKPORT"
"sniper-dashboard-core.js::shouldAcceptBackendPrice","Present (assets/js/sniper-dashboard-core.js:887)","Missing","BACKPORT"
"sniper-dashboard-core.js::shouldAcceptRemoteSnapshot","Present (assets/js/sniper-dashboard-core.js:895)","Missing","BACKPORT"
"sniper-dashboard-core.js::smcLogin","Present (assets/js/sniper-dashboard-core.js:1243)","Missing","BACKPORT"
"sniper-dashboard-core.js::smcLogout","Present (assets/js/sniper-dashboard-core.js:1239)","Missing","BACKPORT"
"sniper-dashboard-core.js::stalePill","Present (assets/js/sniper-dashboard-core.js:203)","Missing","BACKPORT"
"sniper-dashboard-core.js::statePill","Present (assets/js/sniper-dashboard-core.js:197)","Missing","BACKPORT"
"sniper-dashboard-core.js::stripTrailingSlash","Present (assets/js/sniper-dashboard-core.js:42)","Missing","BACKPORT"
"sniper-dashboard-core.js::toLiveIsoStamp","Present (assets/js/sniper-dashboard-core.js:737)","Missing","BACKPORT"
"sniper-dashboard-core.js::toPairDisplay","Present (assets/js/sniper-dashboard-core.js:157)","Missing","BACKPORT"
"sniper-dashboard-core.js::toPhase4aPair","Present (assets/js/sniper-dashboard-core.js:164)","Missing","BACKPORT"
"sniper-dashboard-core.js::uniqueTdSymbols","Present (assets/js/sniper-dashboard-core.js:264)","Missing","BACKPORT"
"sniper-dashboard-core.js::updateEF","Present (assets/js/sniper-dashboard-core.js:463)","Missing","BACKPORT"
"sniper-dashboard-core.js::userFetch","Present (assets/js/sniper-dashboard-core.js:1120)","Missing","BACKPORT"
"sniper-dashboard-data.js::applyStarsForSide","Missing","Present (sniper-dashboard-data.js:747)","PRESERVE"
"sniper-dashboard-data.js::bosThresh","Missing","Present (sniper-dashboard-data.js:284)","PRESERVE"
"sniper-dashboard-data.js::buildCompletedSessions","Missing","Present (sniper-dashboard-data.js:102)","PRESERVE"
"sniper-dashboard-data.js::buildExecutionSignalIdentity","Present (assets/js/sniper-dashboard-data.js:688)","Missing","BACKPORT"
"sniper-dashboard-data.js::buildFibRatios","Missing","Present (sniper-dashboard-data.js:15)","PRESERVE"
"sniper-dashboard-data.js::buildSignalForPair","Present (assets/js/sniper-dashboard-data.js:356)","Missing","BACKPORT"
"sniper-dashboard-data.js::calculateMA","Present (assets/js/sniper-dashboard-data.js:213)","Missing","BACKPORT"
"sniper-dashboard-data.js::candleTimeMs","Missing","Present (sniper-dashboard-data.js:51)","PRESERVE"
"sniper-dashboard-data.js::cleanDisplayText","Present (assets/js/sniper-dashboard-data.js:766)","Missing","BACKPORT"
"sniper-dashboard-data.js::clearTradeQueue","Present (assets/js/sniper-dashboard-data.js:979)","Missing","BACKPORT"
"sniper-dashboard-data.js::colorTierFromStar","Missing","Present (sniper-dashboard-data.js:742)","PRESERVE"
"sniper-dashboard-data.js::computeAtrSeries","Missing","Present (sniper-dashboard-data.js:308)","PRESERVE"
"sniper-dashboard-data.js::computeCgBestBodyPct","Missing","Present (sniper-dashboard-data.js:190)","PRESERVE"
"sniper-dashboard-data.js::computeF2FromSwap","Missing","Present (sniper-dashboard-data.js:150)","PRESERVE"
"sniper-dashboard-data.js::computeFibAnchors","Missing","Present (sniper-dashboard-data.js:232)","PRESERVE"
"sniper-dashboard-data.js::computeSfEngine","Missing","Present (sniper-dashboard-data.js:761)","PRESERVE"
"sniper-dashboard-data.js::computeSweepMssSequence","Missing","Present (sniper-dashboard-data.js:331)","PRESERVE"
"sniper-dashboard-data.js::detectMSS","Present (assets/js/sniper-dashboard-data.js:302)","Missing","BACKPORT"
"sniper-dashboard-data.js::detectRegime","Present (assets/js/sniper-dashboard-data.js:245)","Missing","BACKPORT"
"sniper-dashboard-data.js::detectSweep","Present (assets/js/sniper-dashboard-data.js:281)","Missing","BACKPORT"
"sniper-dashboard-data.js::detectSwings","Present (assets/js/sniper-dashboard-data.js:230)","Missing","BACKPORT"
"sniper-dashboard-data.js::edeTier","Missing","Present (sniper-dashboard-data.js:32)","PRESERVE"
"sniper-dashboard-data.js::fetchPrices","Present (assets/js/sniper-dashboard-data.js:81)","Missing","BACKPORT"
"sniper-dashboard-data.js::getActiveKillZone","Present (assets/js/sniper-dashboard-data.js:337)","Missing","BACKPORT"
"sniper-dashboard-data.js::getSequenceStatus","Present (assets/js/sniper-dashboard-data.js:332)","Missing","BACKPORT"
"sniper-dashboard-data.js::getSessionKey","Missing","Present (sniper-dashboard-data.js:73)","PRESERVE"
"sniper-dashboard-data.js::getSessionTf","Missing","Present (sniper-dashboard-data.js:39)","PRESERVE"
"sniper-dashboard-data.js::gradeSetupClass","Missing","Present (sniper-dashboard-data.js:734)","PRESERVE"
"sniper-dashboard-data.js::isValidFib","Missing","Present (sniper-dashboard-data.js:280)","PRESERVE"
"sniper-dashboard-data.js::loadTradeQueue","Present (assets/js/sniper-dashboard-data.js:992)","Missing","BACKPORT"
"sniper-dashboard-data.js::monotonic","Present (assets/js/sniper-dashboard-data.js:252)","Missing","BACKPORT"
"sniper-dashboard-data.js::normalizeCandle","Missing","Present (sniper-dashboard-data.js:62)","PRESERVE"
"sniper-dashboard-data.js::pipMult","Missing","Present (sniper-dashboard-data.js:11)","PRESERVE"
"sniper-dashboard-data.js::pivotHigh","Missing","Present (sniper-dashboard-data.js:288)","PRESERVE"
"sniper-dashboard-data.js::pivotLow","Missing","Present (sniper-dashboard-data.js:298)","PRESERVE"
"sniper-dashboard-data.js::renderComputedSignalCards","Present (assets/js/sniper-dashboard-data.js:541)","Missing","BACKPORT"
"sniper-dashboard-data.js::renderServerBlueprintPlan","Present (assets/js/sniper-dashboard-data.js:791)","Missing","BACKPORT"
"sniper-dashboard-data.js::renderTickerItems","Present (assets/js/sniper-dashboard-data.js:3)","Missing","BACKPORT"
"sniper-dashboard-data.js::renderTradeQueue","Present (assets/js/sniper-dashboard-data.js:899)","Missing","BACKPORT"
"sniper-dashboard-data.js::saveZarRate","Present (assets/js/sniper-dashboard-data.js:1004)","Missing","BACKPORT"
"sniper-dashboard-data.js::selectPairForPlan","Present (assets/js/sniper-dashboard-data.js:673)","Missing","BACKPORT"
"sniper-dashboard-data.js::sessionToFib","Missing","Present (sniper-dashboard-data.js:145)","PRESERVE"
"sniper-dashboard-data.js::sfKey","Missing","Present (sniper-dashboard-data.js:28)","PRESERVE"
"sniper-dashboard-data.js::startAutoRefresh","Present (assets/js/sniper-dashboard-data.js:199)","Missing","BACKPORT"
"sniper-dashboard-data.js::toNumber","Missing","Present (sniper-dashboard-data.js:46)","PRESERVE"
"sniper-dashboard-data.js::updatePriceDisplays","Present (assets/js/sniper-dashboard-data.js:18)","Missing","BACKPORT"
"sniper-dashboard-data.js::updateSignalEngineUI","Present (assets/js/sniper-dashboard-data.js:510)","Missing","BACKPORT"
"sniper-dashboard-data.js::updateTradeQueueBadge","Present (assets/js/sniper-dashboard-data.js:757)","Missing","BACKPORT"
"sniper-dashboard-planner.js::_buildRiskSection","Present (assets/js/sniper-dashboard-planner.js:242)","Missing","BACKPORT"
"sniper-dashboard-planner.js::assignTPs","Present (assets/js/sniper-dashboard-planner.js:142)","Missing","BACKPORT"
"sniper-dashboard-planner.js::buildExportTPManagement","Present (assets/js/sniper-dashboard-planner.js:828)","Missing","BACKPORT"
"sniper-dashboard-planner.js::buildPriceInputs","Present (assets/js/sniper-dashboard-planner.js:1)","Missing","BACKPORT"
"sniper-dashboard-planner.js::buildTPManagement","Present (assets/js/sniper-dashboard-planner.js:153)","Missing","BACKPORT"
"sniper-dashboard-planner.js::exportPlanHTML","Present (assets/js/sniper-dashboard-planner.js:883)","Missing","BACKPORT"
"sniper-dashboard-planner.js::fetchPendingLimits","Present (assets/js/sniper-dashboard-planner.js:220)","Missing","BACKPORT"
"sniper-dashboard-planner.js::fmt","Present (assets/js/sniper-dashboard-planner.js:837)","Missing","BACKPORT"
"sniper-dashboard-planner.js::generatePlan","Present (assets/js/sniper-dashboard-planner.js:275)","Missing","BACKPORT"
"sniper-dashboard-planner.js::getNextLevelSL","Present (assets/js/sniper-dashboard-planner.js:223)","Missing","BACKPORT"
"sniper-dashboard-planner.js::getOutcomeBadge","Present (assets/js/sniper-dashboard-planner.js:105)","Missing","BACKPORT"
"sniper-dashboard-planner.js::getTPs","Present (assets/js/sniper-dashboard-planner.js:124)","Missing","BACKPORT"
"sniper-dashboard-planner.js::handleDrop","Present (assets/js/sniper-dashboard-planner.js:981)","Missing","BACKPORT"
"sniper-dashboard-planner.js::markNoFill","Present (assets/js/sniper-dashboard-planner.js:113)","Missing","BACKPORT"
"sniper-dashboard-planner.js::nextKZ","Present (assets/js/sniper-dashboard-planner.js:820)","Missing","BACKPORT"
"sniper-dashboard-planner.js::onPriceChange","Present (assets/js/sniper-dashboard-planner.js:27)","Missing","BACKPORT"
"sniper-dashboard-planner.js::onRegimeChange","Present (assets/js/sniper-dashboard-planner.js:33)","Missing","BACKPORT"
"sniper-dashboard-planner.js::pips","Present (assets/js/sniper-dashboard-planner.js:161)","Missing","BACKPORT"
"sniper-dashboard-planner.js::renderSeqCards","Present (assets/js/sniper-dashboard-planner.js:104)","Missing","BACKPORT"
"sniper-dashboard-planner.js::renderSessionBrief","Present (assets/js/sniper-dashboard-planner.js:47)","Missing","BACKPORT"
"sniper-dashboard-planner.js::rr","Present (assets/js/sniper-dashboard-planner.js:838)","Missing","BACKPORT"
"sniper-dashboard-planner.js::tpStr","Present (assets/js/sniper-dashboard-planner.js:157)","Missing","BACKPORT"
"sniper-dashboard-planner.js::usc","Present (assets/js/sniper-dashboard-planner.js:845)","Missing","BACKPORT"
"sniper-execution-engine.php::sniper_exe_calc_lot","Present (sniper-execution-engine.php:131)","Present (sniper-execution-engine.php:84)","MERGE"
"sniper-execution-engine.php::sniper_exe_chop_band","Present (sniper-execution-engine.php:446)","Missing","BACKPORT"
"sniper-execution-engine.php::sniper_exe_derive_confluence_score","Present (sniper-execution-engine.php:505)","Missing","BACKPORT"
"sniper-execution-engine.php::sniper_exe_derive_signal_state_backend","Present (sniper-execution-engine.php:526)","Missing","BACKPORT"
"sniper-execution-engine.php::sniper_exe_ede_tier","Present (sniper-execution-engine.php:467)","Missing","BACKPORT"
"sniper-execution-engine.php::sniper_exe_enrich_signal","Present (sniper-execution-engine.php:537)","Missing","BACKPORT"
"sniper-execution-engine.php::sniper_exe_execute_signals","Present (sniper-execution-engine.php:618)","Present (sniper-execution-engine.php:344)","MERGE"
"sniper-execution-engine.php::sniper_exe_get_risk_profile","Present (sniper-execution-engine.php:291)","Present (sniper-execution-engine.php:196)","MERGE"
"sniper-execution-engine.php::sniper_exe_get_risk_profile_data","Present (sniper-execution-engine.php:218)","Present (sniper-execution-engine.php:171)","MERGE"
"sniper-execution-engine.php::sniper_exe_get_trade_queue","Present (sniper-execution-engine.php:322)","Present (sniper-execution-engine.php:227)","MERGE"
"sniper-execution-engine.php::sniper_exe_guess_conf_count","Present (sniper-execution-engine.php:493)","Missing","BACKPORT"
"sniper-execution-engine.php::sniper_exe_hybrid_stars","Present (sniper-execution-engine.php:482)","Missing","BACKPORT"
"sniper-execution-engine.php::sniper_exe_live_signal_for_pair","Present (sniper-execution-engine.php:424)","Missing","BACKPORT"
"sniper-execution-engine.php::sniper_exe_normalize_fib_timeframe","Present (sniper-execution-engine.php:244)","Missing","BACKPORT"
"sniper-execution-engine.php::sniper_exe_normalize_zone_label","Present (sniper-execution-engine.php:392)","Present (sniper-execution-engine.php:297)","MERGE"
"sniper-execution-engine.php::sniper_exe_pip_value","Present with expanded pair map","Present with reduced map","MERGE"
"sniper-execution-engine.php::sniper_exe_price_to_pips","Present (sniper-execution-engine.php:119)","Present (sniper-execution-engine.php:72)","MERGE"
"sniper-execution-engine.php::sniper_exe_regime_meta_for_pair","Present (sniper-execution-engine.php:440)","Missing","BACKPORT"
"sniper-execution-engine.php::sniper_exe_risk_breakdown","Present (sniper-execution-engine.php:152)","Present (sniper-execution-engine.php:105)","MERGE"
"sniper-execution-engine.php::sniper_exe_save_risk_profile","Present (sniper-execution-engine.php:298)","Present (sniper-execution-engine.php:203)","MERGE"
"sniper-execution-engine.php::sniper_exe_save_trade_queue","Present (sniper-execution-engine.php:337)","Present (sniper-execution-engine.php:242)","MERGE"
"sniper-execution-engine.php::sniper_exe_signal_identity","Present (sniper-execution-engine.php:365)","Present (sniper-execution-engine.php:270)","MERGE"
"sniper-execution-engine.php::sniper_exe_timeframe_profile","Present, functional","Missing","BACKPORT"
"sniper-webhook.php::sniper_add_admin_menu","Present (sniper-webhook.php:1757)","Present (sniper-webhook.php:1777)","MERGE"
"sniper-webhook.php::sniper_boolish","Present (sniper-webhook.php:287)","Present (sniper-webhook.php:316)","MERGE"
"sniper-webhook.php::sniper_compute_rr_estimate","Present (sniper-webhook.php:427)","Present (sniper-webhook.php:470)","MERGE"
"sniper-webhook.php::sniper_create_site_pages","Present (sniper-webhook.php:1876)","Present (sniper-webhook.php:1879)","MERGE"
"sniper-webhook.php::sniper_deferred_setup","Present (sniper-webhook.php:1864)","Missing","BACKPORT"
"sniper-webhook.php::sniper_derive_signal_state","Present (sniper-webhook.php:332)","Present (sniper-webhook.php:361)","MERGE"
"sniper-webhook.php::sniper_display_symbol","Present (sniper-webhook.php:233)","Present (sniper-webhook.php:262)","MERGE"
"sniper-webhook.php::sniper_enqueue_frontend_assets","Present (sniper-webhook.php:28)","Present (sniper-webhook.php:29)","MERGE"
"sniper-webhook.php::sniper_exe_execute_signals","Present (sniper-webhook.php:1443)","Missing","BACKPORT"
"sniper-webhook.php::sniper_exe_get_risk_profile","Present (sniper-webhook.php:1431)","Missing","BACKPORT"
"sniper-webhook.php::sniper_exe_get_trade_queue","Present (sniper-webhook.php:1437)","Missing","BACKPORT"
"sniper-webhook.php::sniper_exe_missing_engine_response","Present (sniper-webhook.php:1423)","Missing","BACKPORT"
"sniper-webhook.php::sniper_exe_save_risk_profile","Present (sniper-webhook.php:1434)","Missing","BACKPORT"
"sniper-webhook.php::sniper_exe_save_trade_queue","Present (sniper-webhook.php:1440)","Missing","BACKPORT"
"sniper-webhook.php::sniper_extract_chop","Present (sniper-webhook.php:398)","Present (sniper-webhook.php:441)","MERGE"
"sniper-webhook.php::sniper_extract_liquidity","Present (sniper-webhook.php:377)","Present (sniper-webhook.php:420)","MERGE"
"sniper-webhook.php::sniper_extract_poi","Present (sniper-webhook.php:387)","Present (sniper-webhook.php:430)","MERGE"
"sniper-webhook.php::sniper_extract_rank_meta","Present (sniper-webhook.php:408)","Present (sniper-webhook.php:451)","MERGE"
"sniper-webhook.php::sniper_extract_structure","Present (sniper-webhook.php:366)","Present (sniper-webhook.php:409)","MERGE"
"sniper-webhook.php::sniper_float_or_null","Present (sniper-webhook.php:277)","Present (sniper-webhook.php:306)","MERGE"
"sniper-webhook.php::sniper_frontend_login_url","Present (sniper-webhook.php:897)","Missing","BACKPORT"
"sniper-webhook.php::sniper_frontend_redirect_target","Present (sniper-webhook.php:886)","Missing","BACKPORT"
"sniper-webhook.php::sniper_get_allowed_origins","Present (sniper-webhook.php:64)","Present (sniper-webhook.php:65)","MERGE"
"sniper-webhook.php::sniper_get_backend_secret","Present (sniper-webhook.php:55)","Present (sniper-webhook.php:56)","MERGE"
"sniper-webhook.php::sniper_get_ladders","Present (sniper-webhook.php:1213)","Present (sniper-webhook.php:1229)","MERGE"
"sniper-webhook.php::sniper_get_live_signals","Present (sniper-webhook.php:824)","Present (sniper-webhook.php:869)","MERGE"
"sniper-webhook.php::sniper_get_live_store","Present (sniper-webhook.php:130)","Present (sniper-webhook.php:156)","MERGE"
"sniper-webhook.php::sniper_get_regimes","Present (sniper-webhook.php:656)","Present (sniper-webhook.php:701)","MERGE"
"sniper-webhook.php::sniper_get_secret","Present (sniper-webhook.php:51)","Present (sniper-webhook.php:52)","MERGE"
"sniper-webhook.php::sniper_get_snapshot","Present (sniper-webhook.php:790)","Present (sniper-webhook.php:835)","MERGE"
"sniper-webhook.php::sniper_get_td_key","Present (sniper-webhook.php:60)","Present (sniper-webhook.php:61)","MERGE"
"sniper-webhook.php::sniper_get_user_account","Present (sniper-webhook.php:1365)","Present (sniper-webhook.php:1414)","MERGE"
"sniper-webhook.php::sniper_get_user_meta_value","Present (sniper-webhook.php:440)","Present (sniper-webhook.php:483)","MERGE"
"sniper-webhook.php::sniper_get_user_settings","Present (sniper-webhook.php:1391)","Present (sniper-webhook.php:1440)","MERGE"
"sniper-webhook.php::sniper_get_user_trades","Present (sniper-webhook.php:1334)","Present (sniper-webhook.php:1383)","MERGE"
"sniper-webhook.php::sniper_handle_signal","Present (sniper-webhook.php:907)","Present (sniper-webhook.php:906)","MERGE"
"sniper-webhook.php::sniper_is_phase4a_pair","Present (sniper-webhook.php:271)","Present (sniper-webhook.php:300)","MERGE"
"sniper-webhook.php::sniper_log_event","Present (sniper-webhook.php:357)","Present (sniper-webhook.php:400)","MERGE"
"sniper-webhook.php::sniper_logging_enabled","Present (sniper-webhook.php:353)","Present (sniper-webhook.php:396)","MERGE"
"sniper-webhook.php::sniper_normalise_instrument","Present (sniper-webhook.php:247)","Present (sniper-webhook.php:276)","MERGE"
"sniper-webhook.php::sniper_normalise_pair","Present (sniper-webhook.php:222)","Present (sniper-webhook.php:251)","MERGE"
"sniper-webhook.php::sniper_normalize_field_aliases","Missing","Present (sniper-webhook.php:383)","PRESERVE"
"sniper-webhook.php::sniper_normalize_sequence_status","Present (sniper-webhook.php:293)","Present (sniper-webhook.php:322)","MERGE"
"sniper-webhook.php::sniper_normalize_signal_state","Present (sniper-webhook.php:302)","Present (sniper-webhook.php:331)","MERGE"
"sniper-webhook.php::sniper_parse_payload_timestamp_seconds","Missing","Present (sniper-webhook.php:80)","PRESERVE"
"sniper-webhook.php::sniper_plugin_activate","Present (sniper-webhook.php:1854)","Present (sniper-webhook.php:1874)","MERGE"
"sniper-webhook.php::sniper_receive_engine_batch","Present (sniper-webhook.php:1223)","Present (sniper-webhook.php:1239)","MERGE"
"sniper-webhook.php::sniper_receive_prices","Present (sniper-webhook.php:758)","Present (sniper-webhook.php:803)","MERGE"
"sniper-webhook.php::sniper_receive_regime","Present (sniper-webhook.php:570)","Present (sniper-webhook.php:613)","MERGE"
"sniper-webhook.php::sniper_receive_snapshot","Present (sniper-webhook.php:798)","Present (sniper-webhook.php:843)","MERGE"
"sniper-webhook.php::sniper_register_settings","Present (sniper-webhook.php:1761)","Present (sniper-webhook.php:1781)","MERGE"
"sniper-webhook.php::sniper_require_logged_in","Present (sniper-webhook.php:119)","Present (sniper-webhook.php:145)","MERGE"
"sniper-webhook.php::sniper_sanitize_allowed_origins","Present (sniper-webhook.php:1768)","Present (sniper-webhook.php:1788)","MERGE"
"sniper-webhook.php::sniper_save_live_store","Present (sniper-webhook.php:135)","Present (sniper-webhook.php:161)","MERGE"
"sniper-webhook.php::sniper_save_user_account","Present (sniper-webhook.php:1375)","Present (sniper-webhook.php:1424)","MERGE"
"sniper-webhook.php::sniper_save_user_settings","Present (sniper-webhook.php:1400)","Present (sniper-webhook.php:1449)","MERGE"
"sniper-webhook.php::sniper_save_user_trades","Present (sniper-webhook.php:1343)","Present (sniper-webhook.php:1392)","MERGE"
"sniper-webhook.php::sniper_sc_account","Present (sniper-webhook.php:1618)","Present (sniper-webhook.php:1651)","MERGE"
"sniper-webhook.php::sniper_sc_dashboard","Present (sniper-webhook.php:1550)","Present (sniper-webhook.php:1583)","MERGE"
"sniper-webhook.php::sniper_sc_home","Present (sniper-webhook.php:1570)","Present (sniper-webhook.php:1603)","MERGE"
"sniper-webhook.php::sniper_sc_login","Present (sniper-webhook.php:1657)","Present (sniper-webhook.php:1690)","MERGE"
"sniper-webhook.php::sniper_serve_dashboard","Present (sniper-webhook.php:1451)","Present (sniper-webhook.php:1494)","MERGE"
"sniper-webhook.php::sniper_session_check","Present (sniper-webhook.php:844)","Present (sniper-webhook.php:888)","MERGE"
"sniper-webhook.php::sniper_settings_page","Present (sniper-webhook.php:1775)","Present (sniper-webhook.php:1795)","MERGE"
"sniper-webhook.php::sniper_setup_nav_menu","Present (sniper-webhook.php:1901)","Present (sniper-webhook.php:1904)","MERGE"
"sniper-webhook.php::sniper_store_ef_pretrigger","Present (sniper-webhook.php:1148)","Present (sniper-webhook.php:1164)","MERGE"
"sniper-webhook.php::sniper_store_new_ladder","Present (sniper-webhook.php:936)","Present (sniper-webhook.php:936)","MERGE"
"sniper-webhook.php::sniper_string_or_null","Present (sniper-webhook.php:281)","Present (sniper-webhook.php:310)","MERGE"
"sniper-webhook.php::sniper_update_ladder","Present (sniper-webhook.php:1076)","Present (sniper-webhook.php:1092)","MERGE"
"sniper-webhook.php::sniper_update_user_meta_value","Present (sniper-webhook.php:445)","Present (sniper-webhook.php:488)","MERGE"
"sniper-webhook.php::sniper_upsert_live_signal","Present (sniper-webhook.php:143)","Present (sniper-webhook.php:169)","MERGE"
"sniper-webhook.php::sniper_user_payload_response","Present (sniper-webhook.php:450)","Present (sniper-webhook.php:493)","MERGE"
"sniper-webhook.php::sniper_validate_engine_secret","Present (sniper-webhook.php:101)","Present (sniper-webhook.php:127)","MERGE"
"sniper-webhook.php::sniper_validate_secret","Present (sniper-webhook.php:82)","Present (sniper-webhook.php:108)","MERGE"
